Complex_ID,Native_Receptor,Native_Ligand,AF2_Pred_Receptor,AF2_Pred_Ligand,AF2_Interface_RMSD(Å),AF2_Ligand_RMSD(Å),AF2_Common_Interface_Res,AF3_Pred_Receptor,AF3_Pred_Ligand,AF3_Interface_RMSD(Å),AF3_Ligand_RMSD(Å),AF3_Common_Interface_Res
1B2P,A,B,A,B,0.757,1.689,45,A,B,0.683,1.601,46
1B67,A,B,A,B,0.746,1.846,38,A,B,0.593,1.601,39
1BND,A,B,A,B,0.37,2.268,36,A,B,0.429,1.634,37
1D9C,B,A,B,A,0.901,1.83,77,B,A,0.948,2.112,79
1DHG,B,A,B,A,0.208,0.813,21,B,A,0.231,0.611,21
1ET1,B,A,B,A,0.695,28.513,8,B,A,0.902,7.367,8
1ETY,A,B,B,A,0.325,2.729,41,B,A,0.301,2.282,42
1GYY,A,B,A,B,0.227,0.986,44,A,B,0.166,1.376,45
1IRQ,A,B,B,A,0.654,2.186,33,B,A,0.391,2.065,33
1J30,A,B,A,B,0.368,1.148,76,A,B,0.376,1.012,75
1JB6,A,B,A,B,0.127,26.994,3,A,B,0.245,19.436,2
1KSO,B,A,B,A,2.436,8.305,35,B,A,1.686,4.708,32
1KU5,A,B,A,B,0.314,1.151,38,A,B,0.305,1.044,38
1N1J,A,B,A,B,0.572,1.242,54,A,B,0.437,1.034,53
1N2F,A,B,A,B,0.877,2.125,77,A,B,0.839,1.096,78
1NNQ,A,B,A,B,0.564,1.098,101,A,B,0.227,0.985,101
1PL5,S,A,A,B,0.492,2.399,38,A,B,0.43,2.371,38
1R2T,B,A,A,B,0.313,1.165,39,A,B,0.137,0.966,40
1T6F,A,B,A,B,0.384,1.417,21,A,B,0.281,1.264,21
1TCW,A,B,A,B,3.156,25.054,15,A,B,0.49,1.397,39
1WQ9,A,B,A,B,1.262,2.591,36,A,B,0.497,1.338,34
1Z1H,A,B,A,B,0.399,1.199,38,A,B,0.286,0.807,39
2B9D,A,B,A,B,0.139,25.595,3,A,B,0.083,21.693,2
2BJO,B,A,B,A,0.468,1.585,67,B,A,0.56,1.559,68
2D68,B,A,A,B,0.338,1.093,34,A,B,0.28,1.009,36
2E1N,B,A,A,B,0.934,3.014,24,A,B,1.363,4.018,23
2GSR,A,B,A,B,0.41,1.434,32,A,B,0.223,1.122,34
2H2K,B,A,B,A,0.761,3.749,38,B,A,1.08,5.686,37
2Q6Q,B,A,A,B,0.928,2.448,35,A,B,0.866,2.783,35
2QDQ,A,B,A,B,0.289,1.091,19,A,B,0.586,1.272,19
2R52,B,A,B,A,0.531,3.042,34,B,A,0.324,2.9,34
2RIH,B,A,B,A,0.427,1.458,32,B,A,0.451,1.414,33
2SPC,A,B,A,B,1.759,3.478,54,A,B,1.399,2.697,54
2V0X,B,A,A,B,10.509,23.856,71,A,B,3.779,5.919,97
2W6A,A,B,A,B,1.383,2.789,30,A,B,0.968,3.29,29
2YAL,A,B,A,B,1.532,1.917,28,A,B,1.313,3.693,26
3B0C,T,W,A,B,0.354,1.117,52,B,A,0.308,1.059,52
3CGA,B,A,B,A,0.504,2.652,29,B,A,0.404,2.668,28
3FT7,A,B,B,A,1.274,2.186,31,B,A,1.942,2.438,32
3G67,B,A,B,A,2.406,2.853,100,B,A,2.887,3.374,101
3GWO,A,B,A,B,2.295,5.084,17,A,B,0.627,10.485,14
3LKX,A,B,A,B,0.291,1.762,30,B,A,0.315,1.941,30
3MCB,B,A,B,A,0.338,1.271,28,B,A,0.377,1.079,28
3MEX,B,A,B,A,2.219,4.013,53,B,A,2.166,4.891,52
3NQJ,A,B,A,B,0.975,1.851,43,A,B,1.128,2.171,42
3NSK,B,A,A,B,1.856,8.192,34,A,B,1.448,5.877,31
3S9G,A,B,A,B,1.347,3.643,42,A,B,1.689,3.34,44
3TYY,A,B,A,B,0.58,1.987,36,A,B,0.713,2.136,37
4AYA,A,B,A,B,0.963,3.526,22,A,B,0.998,3.564,23
4B8X,A,B,A,B,0.546,1.769,43,A,B,0.596,1.741,43
4DNN,B,A,A,B,0.232,1.823,18,A,B,0.594,2.024,18
4E61,A,B,A,B,1.633,3.936,45,A,B,1.469,3.98,45
4EFV,B,A,A,B,0.642,1.831,38,A,B,0.57,1.554,38
4NE3,A,B,A,B,0.479,0.933,48,A,B,0.466,1.102,48
4OH8,B,A,B,A,0.28,1.049,25,B,A,0.753,2.452,23
4PT4,A,B,A,B,1.548,2.235,48,A,B,1.542,2.144,50
4WV4,B,A,B,A,0.322,3.135,51,A,B,0.452,3.842,51
4YNH,A,B,A,B,0.34,2.471,35,A,B,0.486,2.251,35
4YTD,B,A,A,B,1.309,5.547,42,A,B,1.495,4.774,43
5AIP,A,B,A,B,1.045,1.823,47,A,B,1.417,1.97,47
5DJO,B,A,A,B,1.794,3.637,53,A,B,2.328,3.664,49
5EPW,B,A,A,B,0.239,1.907,61,A,B,0.206,1.968,62
5FBM,A,B,A,B,0.512,2.719,43,A,B,0.489,1.965,44
5FS4,B,A,A,B,1.641,1.912,82,A,B,0.887,1.15,83
5G49,A,B,A,B,0.418,4.385,58,B,A,0.407,3.11,59
5ITJ,A,B,A,B,0.376,1.266,40,A,B,0.471,1.303,40
5TUU,A,B,A,B,1.151,2.868,64,A,B,1.482,3.222,64
5Y26,A,B,A,B,0.241,1.518,56,B,A,0.183,1.962,55
5Y27,A,B,A,B,0.253,1.532,53,B,A,0.22,2.09,53
5YR0,B,A,B,A,0.448,1.647,23,A,B,0.282,1.199,23
5ZHC,B,A,B,A,1.018,1.556,34,B,A,0.37,1.89,35
5ZHV,B,A,B,A,1.038,1.822,35,B,A,0.482,2.353,36
6ABQ,A,B,A,B,1.291,3.126,32,A,B,1.199,2.675,32
6BL7,A,B,A,B,1.813,3.729,51,A,B,1.491,3.551,51
6C9T,B,A,A,B,0.793,2.407,54,A,B,0.816,2.663,54
6MGN,A,B,A,B,0.265,1.545,25,A,B,0.261,1.035,26
6R0N,A,B,A,B,0.552,1.331,56,A,B,0.461,1.377,56
6WCU,B,A,B,A,0.438,27.294,14,B,A,0.406,27.885,12
6Y1Y,A,B,B,A,0.914,2.375,61,B,A,0.741,2.36,62
7AAN,A,B,B,A,0.91,1.969,112,B,A,1.106,2.2,117
7KIL,A,B,A,B,0.341,1.116,30,A,B,0.322,1.124,30
7O90,A,B,A,B,0.367,1.278,78,A,B,0.317,1.189,75
7PO9,A,B,A,B,1.024,1.545,34,A,B,0.661,1.572,36
7PPT,A,B,A,B,0.509,1.133,81,A,B,0.467,0.955,79
7PPV,A,B,A,B,0.469,1.152,79,A,B,0.459,0.973,79
7UAW,B,A,B,A,0.553,1.814,75,B,A,0.699,1.84,75
7WZ6,A,B,A,B,0.375,2.159,21,A,B,0.303,2.278,20
7ZJF,B,A,A,B,0.516,1.398,33,A,B,0.48,1.567,35
8G0P,A,B,A,B,2.723,4.642,70,B,A,2.313,4.449,70
8SMD,A,B,A,B,0.583,1.709,75,A,B,0.702,1.761,75
